t,y1,y2
0.0,10.0,0.0
0.1,11.42437114024154,-0.1051495458680512
0.2,13.050554316103872,-0.2211360231130034
0.30000000000000004,14.954602819554738,-0.3494849043567849
0.4,17.14695000624537,-0.49109615645127236
0.5,19.697889171078685,-0.647904370406751
0.6000000000000001,22.653973928967464,-0.8212604473202815
0.7000000000000001,26.0556117549499,-1.0123541021986673
0.8,29.988804554425116,-1.2234499397911345
0.9,34.5398724350444,-1.4567179646248158
1.0,39.79521598047194,-1.7141759263334313
1.1,45.91304627394538,-1.9997988999304366
1.2000000000000002,52.93579441936443,-2.313798443762257
1.3,60.93762423546941,-2.6571090968526545
1.4000000000000001,70.13701307330473,-3.0347846604174578
1.5,80.76915657589626,-3.4519124184350947
1.6,93.21545079128774,-3.916981777502492
1.7000000000000002,107.21020583025823,-4.41972557127271
1.8,123.54921016321269,-4.9795934325334255
1.9000000000000001,142.05740983748206,-5.5879876354000775
2.0,163.08651572797723,-6.250798216332372
2.1,187.660634545563,-6.989795923022504
2.2,214.97098984808477,-7.779957229679642
2.3000000000000003,238.1767795406056,-8.455004588487988
2.4000000000000004,272.0107142493865,-9.36555135241151
2.5,312.6858738399956,-10.411170347787785
2.6,352.9061113876033,-11.41967171202619
2.7,401.6547616072156,-12.586064021045187
2.8000000000000003,460.44467257581243,-13.927401213755898
2.9000000000000004,522.2865968969792,-15.290421446334488
3.0,597.0326486312321,-16.86487779988839
3.1,682.0235871823295,-18.5809621616266
3.2,773.9076848099085,-20.370263918660378
3.3000000000000003,867.270808856926,-22.130804086011054
3.4000000000000004,956.8489180806325,-23.776096860975724
3.5,1081.9659915391135,-25.967206135738582
3.6,1197.3310961017091,-27.937583154379517
3.7,1356.4381404631636,-30.535800512544355
3.8000000000000003,1522.7491239163392,-33.17718715797842
3.9000000000000004,1686.330209837011,-35.68341809791307
4.0,1864.9523801607309,-38.33657321189149
4.1000000000000005,1960.0160800979065,-39.762978561097434
4.2,2130.9237126174303,-42.22350958898228
4.3,2327.2167764217825,-44.95434615748794
4.4,2510.9291318668625,-47.46171629996339
4.5,2596.806215127996,-48.67050891426073
4.6000000000000005,2760.944558474409,-50.88473594636507
4.7,2866.5569600995073,-52.32841336099455
4.800000000000001,2953.168886121497,-53.48902643905937
4.9,3071.381356332163,-55.02778480118229
5.0,3195.0204384375547,-56.64193783100516
5.1000000000000005,3215.5157882739686,-56.89538809765326
5.2,3270.151402037727,-57.67469635226781
5.300000000000001,3440.502349708399,-59.80685475092383
5.4,3582.497183108306,-61.581048030030715
5.5,3666.234726464256,-62.67610060061119
5.6000000000000005,3429.959828807292,-59.965864040262694
5.7,3599.4854719833475,-62.021035561445046
5.800000000000001,3698.1307320673504,-63.27330685108898
5.9,3720.4000188684986,-63.62982859063331
6.0,3839.012703012099,-65.11283115919689
6.1000000000000005,3745.6397815476043,-64.14185888251231
6.2,3764.5555292435706,-64.48202881764162
6.300000000000001,3796.3251804434094,-64.91602369073773
6.4,3877.210955376607,-65.94737158511857
6.5,3912.9379810884348,-66.44217857302549
6.6000000000000005,4043.11029211453,-68.0645561214898
6.7,3814.0796401853318,-65.5187008899196
6.800000000000001,3914.5035184209737,-66.790854838154
6.9,3992.242340878729,-67.78957401371596
7.0,4020.0866353624165,-68.22478913253445
7.1000000000000005,4153.096741015828,-69.80671536928155
7.2,4274.303798181799,-71.22009658142882
7.300000000000001,4417.340678932857,-72.9562843987126
7.4,4410.44336357756,-72.97463740004717
7.5,4448.807552254182,-73.48495234772703
7.6000000000000005,4449.954577422937,-73.5878139229948
7.7,4461.548253731839,-73.80958283633578
7.800000000000001,4461.2778791230085,-73.89084282043262
7.9,4319.329157224515,-72.41676890614741
8.0,4347.782150764971,-72.8517444049332
8.1,4442.612352787247,-73.9969549555087
8.200000000000001,4302.263219800293,-72.44515047409784
8.3,4364.79665393607,-73.2828982147826
8.4,4231.421514234543,-71.80253836593678
8.5,4076.800444543554,-70.08689896389784
8.6,3886.131301985679,-67.87875358040684
8.700000000000001,3829.852107141283,-67.28638200351654
8.8,3917.559778004256,-68.43150481235168
8.9,3802.4836940940577,-66.78719195521124
9.0,3923.4215457706405,-68.30866001913603
9.1,3987.0843597972284,-69.16880089457449
9.200000000000001,3871.8754211078,-67.9172042199169
9.3,3907.2286301967124,-68.46498492490907
9.4,3834.8323866622527,-67.66501020581818
9.5,4063.8874011297394,-70.2834653642442
9.600000000000001,3908.776738329457,-68.50800011804105
9.700000000000001,4077.490523156712,-70.69753152486062
9.8,3919.5083325863143,-68.91257969901388
9.9,3968.207832966276,-69.59393655395843
10.0,3804.1521624677703,-67.62394026605149
10.100000000000001,3859.5894577199147,-68.3946500047702
10.200000000000001,3868.72508810393,-68.52960338996681
10.3,3960.677314859587,-69.72697954783479
10.4,3920.9897015341157,-69.33287045490992
10.5,3934.0042995258223,-69.57673023031624
10.600000000000001,3951.326110667531,-69.90956423197824
10.700000000000001,3817.2308627862258,-68.35613068475388
10.8,3826.243759317933,-68.54832707151638
10.9,3699.733293294573,-67.09165112295419
11.0,3642.3252189359814,-66.47240381155116
11.100000000000001,3759.163705257132,-68.00774328174789
11.200000000000001,3863.845705251247,-69.39579919164028
11.3,3954.4943420693435,-70.60428379388853
11.4,3988.486574638793,-71.12979775844883
11.5,3910.999384006241,-70.29651669613557
11.600000000000001,3840.4499335582223,-69.51864539662472
11.700000000000001,3799.2715375606513,-69.09146341818179
11.8,3763.1876084087608,-68.71286843677517
11.9,3776.6487527927247,-68.99898491651606
12.0,3928.242093973185,-70.97568993313739
12.100000000000001,3822.7430754073125,-69.74948666351426
12.200000000000001,3601.2252481352557,-66.82259806228737
12.3,3733.9699785655507,-68.58695007721946
12.4,3606.308234099119,-67.05594745498753
12.5,3779.564570056927,-69.36869057991011
12.600000000000001,3737.725388429334,-68.96173749193613
12.700000000000001,3778.154535084131,-69.57325326276481
12.8,3911.4748678322417,-71.31805224426792
12.9,3898.050291090593,-71.19179866365067
13.0,3992.8456616779254,-72.49350965776972
13.100000000000001,3989.265034538427,-72.56527686754313
13.200000000000001,4217.839658919046,-75.48735973643782
13.3,4174.736897655944,-74.92510817726955
13.4,4340.030786636797,-77.05458956013521
13.5,4149.827785572748,-74.88986709966841
13.600000000000001,4097.4626459060955,-74.28243214312522
13.700000000000001,3890.2468260144597,-71.83630814341717
13.8,3976.0210353271427,-73.02177293500912
13.9,3813.871150270008,-71.01371592311646
14.0,3884.1152910012543,-71.97824104012064
14.100000000000001,3809.651577257966,-71.10350459675415
14.200000000000001,3835.1315596543923,-71.50132854652816
14.3,3621.2551934663065,-68.9012658272342
14.4,3686.1968967781113,-69.8824450972555
14.5,3755.9504665944132,-70.83040881930435
14.600000000000001,3771.944180108243,-71.12030447874497
14.700000000000001,3772.3138621865137,-71.21291623735071
14.8,3855.1360306519905,-72.42869040128305
14.9,3860.2165763251223,-72.61401862951453
15.0,3887.846359566414,-73.08262820025601
15.100000000000001,3909.1948291788294,-73.48558690460948
15.200000000000001,4008.4867453794072,-74.65026440036725
15.3,4094.310846515345,-75.83921617274481
15.4,4118.861155438553,-76.25149020483333
15.5,4038.5426443047622,-75.3256003525751
15.600000000000001,4152.203304680707,-76.84352362463896
15.700000000000001,4122.642645541738,-76.55860237128115
15.8,4089.5342694409856,-76.13270834717588
15.9,4120.515648911013,-76.63719178786324
16.0,4121.214996811474,-76.74779846084034
16.1,4157.979712171798,-77.29675440222195
16.2,4121.350254800203,-76.90419746159046
16.3,3979.05895151836,-75.25304027591406
16.400000000000002,3841.79827539552,-73.55220227916809
16.5,3935.6803438021493,-74.85933262339975
16.6,4021.671866029095,-75.88755762703624
16.7,4097.825514897457,-76.88042567931137
16.8,4186.408634394979,-78.09174757332154
16.900000000000002,4219.760901751802,-78.61325214642531
17.0,4134.080412378327,-77.55777274049586
17.1,4247.617154149668,-79.11746992030757
17.2,4303.350589216254,-79.910335954547
17.3,4188.815104161215,-78.4817267986307
17.400000000000002,4360.736403630938,-80.74238649647934
17.5,4263.257681812099,-79.6158517266204
17.6,4313.420763102467,-80.37692620868492
17.7,4358.524299113614,-81.0323154499293
17.8,3979.6712478630393,-76.4099548035424
17.900000000000002,4056.202016174495,-77.48316878480172
18.0,4176.487496141851,-79.15872196896983
18.1,4309.081566569681,-80.97925288550002
18.2,4029.703038568058,-77.43025935683728
18.3,4145.666940607754,-79.02528412406195
18.400000000000002,4205.602962572595,-79.96157422836502
18.5,4345.327252953955,-81.87827841620066
18.6,4390.3579854505915,-82.60215298944578
18.7,4425.934544270139,-83.13605326286596
18.8,4434.415848197629,-83.30502950175243
18.900000000000002,4376.7245338487655,-82.63898579177246
19.0,4515.175403940044,-84.52566064337738
19.1,4082.4398118266563,-78.8965874206396
19.200000000000003,4208.181797333724,-80.67681648988022
19.3,3980.831910216282,-77.68203906840768
19.400000000000002,4179.793068943941,-80.4313489234788
19.5,4326.436310559148,-82.49650859087927
19.6,4136.661116040293,-80.03361593437303
19.700000000000003,4131.284865239332,-80.0278036848356
19.8,4053.932010555815,-79.10952027400856
19.900000000000002,4184.611664266249,-80.93970036808219
20.0,4001.3476837349276,-78.58910879137423
20.1,4066.180817004626,-79.55690246000692
20.200000000000003,4133.866967814799,-80.5696919002339
20.3,4026.1101107700006,-79.1826828459118
20.400000000000002,4007.2997351087333,-78.98357283037485
20.5,4051.7143895716595,-79.67620810446287
20.6,3822.005595046166,-76.8580131323421
20.700000000000003,3783.2591777038792,-76.45067344774192
20.8,3723.4620351525614,-75.70170716584045
20.900000000000002,3715.4240044417497,-75.60785472347312
21.0,3817.807521159067,-77.14845882189582
21.1,4003.861690680799,-79.79868471246965
21.200000000000003,3950.3126243007564,-79.13838541396075
21.3,4004.37419491317,-79.99040683947212
21.400000000000002,4014.4526809369204,-80.18465802017796
21.5,3957.1936972858884,-79.4575692422417
21.6,3971.184275727513,-79.75767790763457
21.700000000000003,3986.5791308009498,-80.06546420190257
21.8,4068.579077488489,-81.19959490705635
21.900000000000002,4061.7740333023444,-81.1649398008017
22.0,4024.90724615786,-80.8155673357235
22.1,4154.203399514118,-82.6849099664244
22.200000000000003,3996.4799938980323,-80.56176769294255
22.3,3913.19630258601,-79.48321700692588
22.400000000000002,3973.041038752138,-80.37411162878183
22.5,4080.600481437205,-81.93582272462068
22.6,4126.710280160537,-82.65352604348183
22.700000000000003,4225.797055141453,-84.1025024391172
22.8,4175.430268273614,-83.30324764023443
22.900000000000002,4055.690544845276,-81.7446871995454
23.0,4148.690035610402,-83.14116499759857
23.1,4177.576261352296,-83.6004389933506
23.200000000000003,4181.046741200614,-83.74297706965407
23.3,4157.663006067309,-83.58626999135504
23.400000000000002,3913.2394237989315,-80.25430878041176
23.5,3857.542191861617,-79.56020197932523
23.6,3735.83502447682,-77.89329339960774
23.700000000000003,3859.8572626477,-79.74902006619364
23.8,3933.9331762186434,-80.89426016395585
23.900000000000002,4020.567981357077,-82.17503274438118
24.0,3878.6347216628183,-80.26990003017752
24.1,3954.318787865653,-81.46609383178642
24.200000000000003,3997.867795729574,-82.18801161949892
24.3,3954.543612072143,-81.65348538343632
24.400000000000002,4001.917674280951,-82.39045288604204
24.5,4089.764211570729,-83.70291792708582
24.6,4089.7708862364166,-83.7801694867813
24.700000000000003,3976.0480939087092,-82.29308793127134
24.8,4029.1449345410138,-83.1832959679017
24.900000000000002,4091.7723811995643,-84.18510320814515
25.0,4071.11082450447,-83.99477064087397
25.1,4081.746886342,-84.25730293311022
25.200000000000003,3876.8309936852547,-81.42696188005831
25.3,3903.713702626432,-81.92246072701589
25.400000000000002,3929.298178811491,-82.38344597531592
25.5,3991.32232593563,-83.37647955053338
25.6,4091.679462008007,-84.93330265175638
25.700000000000003,4108.740937446757,-85.26375010522816
25.8,4016.4014168971244,-84.05480235358344
25.900000000000002,3907.9214942225203,-82.62648908234453
26.0,3721.9962144106576,-80.00862348585585
26.1,3823.2485545594127,-81.58986074239633
26.200000000000003,3815.8949311732126,-81.57309797818648
26.3,3909.927324881254,-83.05059675444589
26.400000000000002,3902.7760829358394,-83.03278668501831
26.5,4002.641310352422,-84.58033383149598
26.6,4162.461374960345,-86.99689867991407
26.700000000000003,4165.335787181587,-87.10508261537126
26.8,3929.551417668273,-83.801287414832
26.900000000000002,3939.140343530199,-84.03181479351535
27.0,3973.0517537433066,-84.56063956469904
27.1,3887.756662356811,-83.38441390942427
27.200000000000003,3988.490679254163,-84.9454730013571
27.3,3852.81649915408,-83.06668347902178
27.400000000000002,3864.8061180201234,-83.35219896053614
27.5,3904.052785564234,-84.02439168894865
27.6,3927.8871617502195,-84.45070528004034
27.700000000000003,3999.066135004175,-85.57955964812648
27.8,3955.762731170959,-84.93127976018852
27.900000000000002,3994.214130064217,-85.57717922869985
28.0,4154.135841640812,-88.00325775415068
28.1,4171.784853899926,-88.39028502922598
28.200000000000003,4198.314263467314,-88.87861208482023
28.3,4221.930991186005,-89.32297224804249
28.400000000000002,4302.015266102443,-90.51617775820141
28.5,4214.012411681807,-89.3342976986185
28.6,4212.730069240172,-89.42367724263944
28.700000000000003,4283.321749084417,-90.52609975143335
28.8,4160.072812316974,-88.80462743472606
28.900000000000002,4155.037131676376,-88.7925872093144
29.0,4187.107704836527,-89.35630421071225
29.1,4114.871240043028,-88.44244093428593
29.200000000000003,4005.7788860911414,-86.87785572644394
29.3,4153.946912789241,-89.19409197579746
29.400000000000002,4063.2165607782167,-87.94894333960649
29.5,3954.2247312538616,-86.47051596391492
29.6,3831.408951120771,-84.72406042530346
29.700000000000003,3849.5263019804624,-85.1079254179745
29.8,3965.119857715558,-86.93799721739033
29.900000000000002,3894.684144757799,-85.9462873636686
30.0,3956.4782615108265,-87.02199912181393
30.1,3905.9656414183632,-86.37226761345775
30.200000000000003,3865.314836427179,-85.85818225140845
30.3,4075.4359408665773,-89.10064404774462
30.400000000000002,4238.303201915876,-91.63535107423944
30.5,4199.788249220391,-91.1657858957719
30.6,4277.284832338249,-92.42474617660073
30.700000000000003,4417.84128210645,-94.60677047873602
30.8,4526.150647810721,-96.3887645629032
30.900000000000002,4645.947329708563,-98.25423700461405
31.0,4331.966362653845,-93.61018391224553
31.1,4374.197648035265,-94.32341758549506
31.200000000000003,4313.980457216162,-93.56151767693115
31.3,4118.226554472174,-90.69527597125541
31.400000000000002,4090.429240569995,-90.3819066241445
31.5,3969.5069783344884,-88.63957847956425
31.6,4005.2799973070014,-89.29941319349184
31.700000000000003,4144.94347590776,-91.5343842096994
31.8,4091.877535030901,-90.82922168699224
31.900000000000002,4058.4651831222754,-90.39087838161493
32.0,4164.712223751401,-92.04674395245506
32.1,4115.7017970359775,-91.41386768169673
32.2,4102.227409390456,-91.28340021969106
32.300000000000004,4142.078733840815,-91.98528951925056
32.4,4108.405915907448,-91.5667166001853
32.5,4083.137492754233,-91.28596932278968
32.6,4018.941195462156,-90.39765018747855
32.7,3994.4425811942588,-90.13491182386981
32.800000000000004,3954.3111864298826,-89.59353969137075
32.9,3881.2124136511543,-88.54438827367726
33.0,3941.316547756159,-89.57421590560189
33.1,4078.4023051354493,-91.67956584176119
33.2,4022.779931691817,-90.93876038011365
33.300000000000004,3982.2364996189563,-90.36997815970706
33.4,4090.2368854289516,-92.12601093273854
33.5,4172.361240751099,-93.51884123754093
33.6,4175.7136479488,-93.67798154729459
33.7,4092.672622562886,-92.44595335837587
33.800000000000004,4090.312148577511,-92.40253515218376
33.9,4220.1637351574445,-94.51662227626551
34.0,4372.645906606337,-96.9156284953247
34.1,4497.285056564578,-98.88974550455417
34.2,4424.135372161159,-97.93546542341744
34.300000000000004,4261.2868564587325,-95.54473420117678
34.4,4254.724267121853,-95.56943841183731
34.5,4314.175946921883,-96.57667403904446
34.6,4204.881385536861,-94.97564599515535
34.7,4078.857923171728,-93.11490151573385
34.800000000000004,3966.925159695654,-91.48351792448565
34.9,3978.5567111531664,-91.76608927549603
35.0,4111.208772792096,-93.92024806338686
35.1,4015.072063564712,-92.39494564545767
35.2,4022.235005360473,-92.6135068931324
35.300000000000004,4001.8988903077734,-92.37399622015687
35.4,3869.88692572348,-90.44925473537062
35.5,3972.446276131659,-92.2011141067654
35.6,3934.937587301039,-91.6981111280966
35.7,3850.8958213500246,-90.58009756202692
35.800000000000004,3806.105574481277,-89.9592456207341
35.9,3786.448491801398,-89.76299150180554
36.0,3841.92184499721,-90.77005954054681
36.1,3933.2661662507053,-92.33049298671394
36.2,3982.575709911298,-93.23351879774943
36.300000000000004,4073.834297797715,-94.79505538364347
36.4,3877.301549356112,-91.63008851772824
36.5,3894.0475605015818,-91.98670206540608
36.6,3923.258676352616,-92.50006650787611
36.7,3939.1506364006223,-92.88196218924783
36.800000000000004,3757.2870699375094,-89.85883843624954
36.9,3807.98204406904,-90.76830475099644
37.0,3689.8684344572594,-88.90894810693078
37.1,3689.6699124696925,-89.00923672229143
37.2,3786.5299607710404,-90.22151319385422
37.300000000000004,3875.2986900638502,-91.79990076229707
37.4,3959.9030024291524,-93.24572470362888
37.5,3897.5246263321424,-92.33132864182738
37.6,4079.4825478498456,-95.31560493779426
37.7,3966.650048707771,-93.5553213245776
37.800000000000004,3960.6657052921564,-93.51417983239342
37.9,3953.749019305275,-93.48467779204276
38.0,3897.867572784034,-92.6192261431528
38.1,3825.652465764138,-91.54765358320637
38.2,3913.0937927156983,-93.05422324995085
38.300000000000004,4012.7554289223685,-94.79453913940475
38.400000000000006,4078.0400238145808,-95.96051902819649
38.5,4207.461216682869,-98.23109758545074
38.6,3920.8826607482792,-93.62253154251532
38.7,3935.9165749604913,-93.95487819869903
38.800000000000004,3829.6043245791425,-92.00908040720745
38.900000000000006,3974.519668813936,-94.43967970376104
39.0,3966.7187313531995,-94.3337248394635
39.1,4105.508084357368,-96.69119733985039
39.2,4149.452569363795,-97.52346134367608
39.300000000000004,4305.802817131053,-100.11090151943871
39.400000000000006,4387.691001728154,-101.51543375880071
39.5,4187.629194178491,-98.41606573850336
39.6,4230.583707438826,-99.22087058801912
39.7,4220.240495070244,-99.17199328467174
39.800000000000004,4230.8754348251705,-99.45596976489988
39.900000000000006,4334.293827103575,-101.2416932186275
40.0,4274.410753273044,-100.3291441920407
40.1,4105.010790935614,-97.67290055513995
40.2,4155.405798081052,-98.36434513827702
40.300000000000004,4206.905484917409,-99.27981842483523
40.400000000000006,4065.742696237884,-97.05350365607737
40.5,3898.9290330799317,-94.38791195663565
40.6,3949.355421144324,-95.3281456296578
40.7,3789.2447649165356,-92.80542959154107
40.800000000000004,3995.643655228826,-96.3664433244995
40.900000000000006,4057.1812292879445,-97.42508606231304
41.0,3965.895279442506,-96.11901611843157
41.1,3991.552894827251,-96.59548078233878
41.2,4000.2745888991353,-96.81754587822253
41.300000000000004,3920.10031081748,-95.55042437227749
41.400000000000006,4077.4471670011726,-98.28981489612269
41.5,4192.577811399843,-100.24605975885937
41.6,4082.559544726763,-98.51612424660105
41.7,4133.97716659456,-99.28550423319564
41.800000000000004,4112.282303461071,-99.0276520089963
41.900000000000006,4095.9290531421016,-98.92020851054225
42.0,4058.132864216312,-98.38456417639546
42.1,4171.320262882089,-100.39431405700155
42.2,4237.860212401461,-101.59259062571053
42.300000000000004,4225.423092409966,-101.49620054893816
42.400000000000006,3939.6733860389236,-96.87836908833292
42.5,4061.3555944223986,-99.02667347106885
42.6,4137.935279450663,-100.38941324388342
42.7,4103.257599173782,-99.90780432473704
42.800000000000004,4071.2943948917687,-99.44073137656795
42.900000000000006,4058.7659814887847,-99.33325028597444
43.0,4031.3955296858085,-98.94035907004688
43.1,4114.8836386912235,-100.43913319800953
43.2,4105.483063778081,-100.38898060434545
43.300000000000004,4071.0715502995345,-99.9330527117589
43.400000000000006,4261.114658118512,-103.18146935592036
43.5,4318.403510560099,-104.24108158748774
43.6,3990.441888251918,-98.86255411429362
43.7,3782.93648182001,-95.3489733036263
43.800000000000004,3714.9891138513576,-94.28927903761732
43.900000000000006,3682.5370533817077,-93.83811664000969
44.0,3828.377184790493,-96.47096255922247
44.1,3923.7715041784627,-98.17434207403485
44.2,3645.505496474578,-93.43653500843557
44.300000000000004,3686.972833256764,-94.28486530108356
44.400000000000006,3857.820790731453,-97.35476733714792
44.5,3921.0554919983074,-98.55344436113334
44.6,3726.540480604541,-95.29776905061615
44.7,3792.876570685468,-96.55746192126702
44.800000000000004,3807.893655384236,-96.90071258244623
44.900000000000006,3841.549317014056,-97.57985973462598
45.0,3740.810854003685,-95.8428098869759
45.1,3691.9899481820426,-94.99922902910366
45.2,3648.445702424048,-94.31899274565669
45.300000000000004,3536.6413906660086,-92.26681295010039
45.400000000000006,3509.6389337322266,-91.7422235156283
45.5,3351.9763396151357,-88.89562694567066
45.6,3517.4654123149135,-91.99378892158576
45.7,3646.119784828596,-94.38277732032248
45.800000000000004,3625.3206782540965,-94.18817048091309
45.900000000000006,3734.3480278076845,-96.2164856720644
46.0,3675.16320383549,-95.24978756408134
46.1,3633.429193576145,-94.55962414909779
46.2,3725.260919266082,-96.30930779268543
46.300000000000004,3823.987200749139,-98.14430939885092
46.400000000000006,3847.420965276299,-98.6561842414216
46.5,3738.746813190675,-96.8729877257276
46.6,3777.810019029479,-97.67562555068764
46.7,3864.433919026412,-99.29620566069917
46.800000000000004,3887.3482499250244,-99.76170220157012
46.900000000000006,4017.114715265794,-102.13520726100658
47.0,3905.68058218037,-100.29662949047079
47.1,4025.162905057937,-102.49919115257956
47.2,4090.345827467982,-103.75063731649823
47.300000000000004,3967.7192463269507,-101.65313221452539
47.400000000000006,4107.204427040806,-104.20846591703561
47.5,4154.049165218478,-105.13259876124594
47.6,4460.600642135294,-110.19674137576357
47.7,4551.769286404464,-111.84322672710971
47.800000000000004,4557.254128206023,-112.04583882422583
47.900000000000006,4527.9717086038845,-111.65885140180225
48.0,4594.632237840454,-112.75355450462972
48.1,4306.894435972546,-107.93966141802761
48.2,4313.2371020984,-108.14007811932113
48.300000000000004,4302.364537105012,-108.08957378149245
48.400000000000006,4280.051209684326,-107.80908829920412
48.5,4337.656115794327,-108.80526535168717
48.6,4390.821641334475,-109.83431114356836
48.7,4389.921356276663,-109.85847313266346
48.800000000000004,4334.347186029115,-108.98377809494357
48.900000000000006,4447.1284193143265,-110.9546637154444
49.0,4528.149107378075,-112.43922853144775
49.1,4600.537011794799,-113.78434094030149
49.2,4669.209476934609,-115.06036541110399
49.300000000000004,4564.8334288479,-113.29587801728503
49.400000000000006,4283.848854517216,-108.56495313759771
49.5,4227.246207954609,-107.65016378926092
49.6,4235.227329316151,-107.87782119942202
49.7,4231.29236217439,-107.88508286927214
49.800000000000004,4386.1136544869505,-110.64500803225452
49.900000000000006,4488.571063599813,-112.43262969770426
50.0,4533.154092792935,-113.2976357695521
50.1,4410.041094318826,-111.2689940310024
50.2,4447.35834936224,-112.12319372983785
50.300000000000004,4358.689144515728,-110.70076005642301
50.400000000000006,4421.84833395823,-111.88054535545463
50.5,4470.623113637468,-112.82365166731964
50.6,4555.615487657443,-114.39169361842855
50.7,4530.00620035041,-114.02461721764382
50.800000000000004,4437.059923850538,-112.49263836163934
50.900000000000006,4534.473333523094,-114.22566911482586
51.0,4617.163101163478,-115.71301255636695
51.1,4696.950326280783,-117.02512168300177
51.2,4742.632340976263,-117.95960508672715
51.300000000000004,4540.273345588013,-114.52095202189764
51.400000000000006,4303.519739524388,-110.45131284714174
51.5,4159.268355719752,-108.01911079280767
51.6,4157.753137081519,-108.08390601794187
51.7,4289.388875528554,-110.52263555854402
51.800000000000004,4275.543924229614,-110.38752350781974
51.900000000000006,3979.11795460241,-104.95461478191426
52.0,3840.4586116737523,-102.13883756328845
52.1,3878.7422536411977,-102.92722044177071
52.2,3996.648167984505,-105.1621497634787
52.300000000000004,3905.7139237098536,-103.5599265255113
52.400000000000006,3986.3920022514662,-105.11366922798649
52.5,3870.913447173092,-103.1292286479813
52.6,3970.536764743402,-105.05285628480489
52.7,3942.505936573212,-104.64118466891846
52.800000000000004,4035.4008883657216,-106.43933213739966
52.900000000000006,3630.9196950349665,-98.9217724298633
53.0,3608.576558554932,-98.61661830452098
53.1,3590.8438531578263,-98.37149475916605
53.2,3485.378860681716,-96.4949375441208
53.300000000000004,3437.085996593647,-95.6717912936494
53.400000000000006,3526.6938149198754,-97.44518905114262
53.5,3531.9759404535253,-97.63310172419582
53.6,3555.6504802699947,-98.21108854399164
53.7,3631.474931866988,-99.74553379794536
53.800000000000004,3306.52002813472,-92.99220963277959
53.900000000000006,3392.7957103461645,-94.77120984293262
54.0,3314.449449536056,-93.33717575751595
54.1,3571.893394258713,-98.33095839745047
54.2,3656.9122065240394,-100.02478531758392
54.300000000000004,3700.34818114943,-100.94361604322822
54.400000000000006,3836.815205981691,-103.60062216833663
54.5,3902.105523327851,-104.91888660392011
54.6,4006.342822276442,-106.8262741275384
54.7,4070.7338212164263,-108.11304219506289
54.800000000000004,4140.973663457541,-109.50175718785174
54.900000000000006,4041.2171307710114,-107.69507026052696
55.0,3996.4492359368505,-106.98678237701598
55.1,3976.990994519839,-106.73972373878397
55.2,3960.450604356237,-106.53479789041728
55.300000000000004,4132.382869871231,-109.73791051513602
55.400000000000006,4137.38981033111,-109.94492113567401
55.5,3829.4623264913275,-104.27586111356258
55.6,3859.60604963874,-104.94166716925224
55.7,3909.230114702473,-105.96945523354837
55.800000000000004,3909.747896185547,-105.73086776337786
55.900000000000006,3930.957256205136,-106.1983845893755
56.0,3897.0294671370034,-105.59954939275558
56.1,3987.472572259214,-107.36339088098069
56.2,3820.7711736805627,-104.34557321106332
56.300000000000004,3899.55856780901,-105.89568083252993
56.400000000000006,4000.2088043669123,-107.87495772580762
56.5,3978.462462515042,-107.55216437813044
56.6,4043.8174177023116,-108.87024017597246
56.7,4070.762429964704,-109.4832007586865
56.800000000000004,4204.791967155209,-112.04156458059497
56.900000000000006,4223.742063793861,-112.49449521369931
57.0,4257.923985286744,-113.21615184124735
57.1,4106.785893257924,-110.5185335259091
57.2,4099.749678573193,-110.48921389077388
57.300000000000004,4143.968482829223,-111.39311047402045
57.400000000000006,4036.697905862143,-109.48667545006089
57.5,4043.3513656248306,-109.704829774442
57.6,4281.303719469599,-114.18607277507782
57.7,4368.2439560539615,-115.84807914156097
57.800000000000004,4422.3049205169755,-116.8992808944532
57.900000000000006,4616.572169853422,-120.1008677665146
58.0,4279.791749383939,-114.07214813829682
58.1,4198.328217341829,-112.65720859420895
58.2,3931.7876435088137,-107.70996690599651
58.300000000000004,4006.736520537161,-109.24075103100392
58.400000000000006,4150.326643822236,-112.00208491116283
58.5,4260.08527721747,-114.12340162142031
58.6,4320.266017601851,-115.30152136606965
58.7,4372.536506952639,-116.25963439510376
58.800000000000004,4472.449377532596,-118.17730191738198
58.900000000000006,4520.264895302226,-119.13493509216423
59.0,4464.4999953663355,-118.21550286514564
59.1,4532.491618789128,-119.59738523743434
59.2,4302.3448504251965,-115.4599083721298
59.300000000000004,4456.544191091289,-118.37099293893509
59.400000000000006,4493.340642087606,-119.17897822706155
59.5,4470.409963280429,-118.85216363376219
59.6,4099.236259514626,-112.26765771729917
59.7,4037.2575673445663,-111.24933459252767
59.800000000000004,4045.600734120719,-111.42672730153983
59.900000000000006,4186.129595827249,-114.14832117392689
60.0,4122.6324462689245,-113.0363675253589
60.1,3496.1807949070585,-101.07933965671778
60.2,3233.5407881981428,-95.89267711379777
60.300000000000004,3398.684823195014,-99.32249033411803
60.400000000000006,3252.6100302054333,-96.41425044791298
60.5,3149.8352848850454,-94.40307063117716
60.6,3315.7201177119864,-97.88635067495954
60.7,3281.7020409401907,-97.26768699200541
60.800000000000004,3205.7106158172014,-95.76796169957034
60.900000000000006,3144.0230777265324,-94.61898447707358
61.0,3197.9628864549077,-95.80489842065667
61.1,3344.985409232604,-98.86086669066995
61.2,3502.9507142976363,-102.12729370268033
61.300000000000004,3556.957115701537,-103.27404120227402
61.400000000000006,3512.9611241893504,-102.49578403808323
61.5,3462.0317240447616,-101.56776186736458
61.6,3561.965508447566,-103.65218145660677
61.7,3613.082833420253,-104.76059886336682
61.800000000000004,3682.9914497992877,-106.22007747438123
61.900000000000006,3811.924150584034,-108.86275321628375
62.0,3933.1437419268464,-111.31404298020907
62.1,3532.479385396407,-103.46585701249005
62.2,3515.938752562046,-103.2437886420868
62.300000000000004,3461.0505628207234,-102.21435237419871
62.400000000000006,3494.968246297436,-102.96800615220928
62.5,3296.8778924277844,-99.02464028423516
62.6,3438.4581393245253,-102.0454564340769
62.7,3521.526990012953,-103.83087092743231
62.800000000000004,3596.3374461166304,-105.41645657836514
62.900000000000006,3715.4668255751726,-107.85095148948086
63.0,3717.342600703976,-107.95364123976964
63.1,3881.6192256387862,-111.27389234294944
63.2,3962.3546919801456,-112.98218156790011
63.300000000000004,3807.374942696515,-109.99949459361348
63.400000000000006,3929.888572398072,-112.4823827708268
63.5,3976.593698347704,-113.52291639135682
63.6,4054.001812303525,-115.1689736234864
63.7,4014.17137916163,-114.52482892426552
63.800000000000004,4001.971426509582,-114.39601950052212
63.900000000000006,3981.196218556255,-114.11431211918396
64.0,4041.2058054692025,-115.37854025218995
64.10000000000001,4222.786144762806,-119.03531125987205
64.2,4367.845259934238,-121.8037784593495
64.3,4379.775148781032,-122.14688760325727
64.4,4333.78750610135,-121.41396293371447
64.5,4004.761365962008,-115.05557824908634
64.60000000000001,3930.264948461241,-113.67289241267389
64.7,3762.576695032847,-110.29101718632728
64.8,3707.837061170812,-109.28236729290221
64.9,3797.578631826135,-111.18796574018252
65.0,3808.9664360674806,-111.51122962204748
65.10000000000001,3904.563274726041,-113.55189641731856
65.2,3938.1560960729034,-114.3032652683667
65.3,4040.3356470796116,-116.37580348938077
65.4,3849.874813143205,-112.7368211794785
65.5,4006.2054603139077,-115.96195155061082
65.60000000000001,4130.539007426629,-118.51498563534113
65.7,4203.06585372299,-120.03422970323624
65.8,4116.204354981421,-118.42017506310731
65.9,3980.90060381144,-115.8017577022973
66.0,3919.6980693047385,-114.68209625464446
66.10000000000001,3779.5528751456004,-111.97591131867472
66.2,3856.492475656514,-113.66308798926748
66.3,3973.7885292355613,-116.11631686732271
66.4,4041.7698809487415,-117.58479044593619
66.5,4217.337085958177,-121.17484534122408
66.60000000000001,4257.948326135588,-122.12418330275162
66.7,4017.088534911001,-117.44101652976384
66.8,4143.961362009779,-120.04374629305599
66.9,4162.954052409821,-120.48738972191701
67.0,4159.186780485352,-120.48165111971059
67.10000000000001,4204.7312397651585,-121.51528214441203
67.2,4218.623991830558,-121.89024266550709
67.3,4020.0098009958947,-117.94828937444446
67.4,4042.672703806835,-118.54551053296565
67.5,3892.3686334932586,-115.52161591418248
67.60000000000001,3801.4470003991632,-113.593254809681
67.7,3817.750123188162,-114.01288669059186
67.8,3824.2464475489555,-114.24830324897111
67.9,3827.127459397084,-114.32793888718852
68.0,3957.0407148018617,-117.08323019016338
68.10000000000001,4196.729093442688,-121.98360203209963
68.2,4278.351652847131,-123.73409784324942
68.3,4235.38058763193,-122.97730807698392
68.4,4170.80172924745,-121.79662198304032
68.5,4100.73804648614,-120.42777087650303
68.60000000000001,4107.911309823376,-120.70024144750178
68.7,4032.491772788369,-119.28889531338474
68.8,4055.760632342938,-119.83345729693023
68.9,3966.7643654385774,-118.04036558872575
69.0,3968.3395123438486,-118.17826243535303
69.10000000000001,3737.8349486218162,-113.64513713943529
69.2,3834.8035812424873,-115.74238719438418
69.3,4052.9382818402596,-120.0010468025557
69.4,3951.538672124247,-118.02926946106697
69.5,4129.097558929036,-121.7194319199044
69.60000000000001,4085.693825886667,-120.9206749291035
69.7,4012.2213585372283,-119.43056462798079
69.8,4019.898232279382,-119.69170963388615
69.9,4089.7570539814656,-121.21344770476513
70.0,3813.031579027968,-115.50958893440803
70.10000000000001,3947.9981935573637,-118.38406395212778
70.2,4056.875753117354,-120.72935758235329
70.3,4307.749525211091,-125.89757590826119
70.4,4351.2781397004355,-126.7376711008467
70.5,4209.749307398042,-123.96611597831061
70.60000000000001,4321.321220412213,-126.3670121792469
70.7,4325.398683019816,-126.53561808688877
70.8,4359.127390607509,-127.27556807028601
70.9,4170.971301770342,-123.4876017697525
71.0,4118.707307756764,-122.51273529118077
71.10000000000001,3962.040598164724,-119.23451286894937
71.2,3927.7973293331597,-118.65827470295042
71.3,4011.7811402818893,-120.46787313305845
71.4,3967.06994700982,-119.63276253111191
71.5,3971.3784528029028,-119.80814328566933
71.60000000000001,4036.057583068341,-121.24476911175988
71.7,3994.0969772718227,-120.34127509426123
71.8,4026.8142844321383,-121.16492961248242
71.9,4161.735639897707,-124.03081211034186
72.0,4146.163982781324,-123.7993878149565
72.10000000000001,4189.86101271248,-124.72043212801653
72.2,4238.227615362338,-125.79479714267617
72.3,4236.065376964627,-125.88091049956124
72.4,4408.10163591757,-128.85368011383324
72.5,4347.304790166489,-127.60042532392238
72.60000000000001,4286.68449866413,-126.52058432921204
72.7,4349.661301309551,-127.89632376238424
72.8,4410.788017459867,-129.19221259807986
72.9,4336.0020531461005,-127.79453304007158
73.0,4278.380414051097,-126.62369691081591
73.10000000000001,4188.869395512627,-124.94531505579545
73.2,4050.8841039128083,-122.2305523678621
73.3,3833.746982510785,-117.92498299672172
73.4,3880.0156731053976,-118.99894499061567
73.5,3986.0099779540315,-121.3239979833924
73.60000000000001,3926.3608574125637,-120.12152019164483
73.7,4025.813780601029,-122.28787749419931
73.8,3805.8856291046827,-117.66938306252747
73.9,3786.3023050671577,-117.36124034671789
74.0,3894.446729708719,-119.72510098272858
74.10000000000001,3996.2869165996162,-121.92974820750126
74.2,4183.360034590707,-125.90240863913746
74.3,4200.613669515377,-126.36654602801579
74.4,4193.0744970841115,-126.32975994450057
74.5,4393.873415563865,-130.5682612497274
74.60000000000001,4454.499662339219,-131.8870626714305
74.7,4460.223806832004,-132.08846697578966
74.8,4462.373950158444,-132.34049811589898
74.9,4375.366390057795,-130.68493487501763
75.0,4311.592907824154,-129.54545867692633
75.10000000000001,4191.282707421605,-127.15075172380674
75.2,4212.613835301383,-127.70294298340477
75.3,4242.349730924481,-128.4550959929143
75.4,4139.731130946527,-126.40889396991845
75.5,4130.942356408695,-126.16620679918971
75.60000000000001,4318.191638464927,-130.1095590586585
75.7,4395.487996928148,-131.76778996878528
75.8,4371.535898941454,-131.39471101962008
75.9,4441.647167636202,-132.9649076913753
76.0,4496.756203572936,-134.0354668868212
76.10000000000001,4304.629801266796,-130.1732923590783
76.2,4261.617938511506,-129.39642271180364
76.3,4243.9182021850975,-129.13379837930165
76.4,4169.0330207703555,-127.5895491323743
76.5,4257.264626738756,-129.5094552684752
76.60000000000001,4191.387698815619,-128.01627367241977
76.7,4117.95532236752,-126.61809671442388
76.80000000000001,3848.1693339183253,-120.66001007802693
76.9,3889.3157628044733,-121.65782392981563
77.0,3982.385758680399,-123.70403752919633
77.10000000000001,3989.3235528702758,-124.00362144179282
77.2,4039.4356342582623,-125.18916058955706
77.30000000000001,4152.011394723738,-127.68521123357296
77.4,4079.8468118475625,-126.19663239175875
77.5,4222.017956457777,-129.24464418155824
77.60000000000001,4314.791854007715,-131.25212028684354
77.7,4423.3472233541725,-133.54832312357772
77.80000000000001,4262.020159002426,-130.33369845166646
77.9,4135.0301780977925,-127.7176052687808
78.0,4016.175202328453,-125.24593145731333
78.10000000000001,4049.3299636749884,-126.07289111440171
78.2,3906.871151226498,-123.11222621788166
78.30000000000001,3980.5768340062564,-124.75336713895243
78.4,4163.993542542833,-128.7577377049737
78.5,4237.908031439763,-130.4253874578025
78.60000000000001,4303.089268901442,-131.8804635964933
78.7,4329.364396802045,-132.5362460872774
78.80000000000001,4351.372085760998,-133.1385909097647
78.9,4308.312358181428,-132.25790055955184
79.0,4238.711275083115,-130.8715602828589
79.10000000000001,4130.388907910774,-128.648124673532
79.2,4241.0442346351265,-131.04995124502904
79.30000000000001,4175.93952495089,-129.77857455012446
79.4,4160.868630745041,-129.5360205348585
79.5,4101.16986003145,-128.43165129235751
79.60000000000001,4224.950471329818,-131.074139774858
79.7,4126.44890650809,-129.01904743640017
79.80000000000001,4366.762581917408,-134.23177902939494
79.9,4131.062925685034,-129.2595827772537
80.0,3994.4392787351153,-126.38926181107216
80.10000000000001,4084.8141190008973,-128.46382361719412
80.2,3920.3389088210156,-125.10779260537316
80.30000000000001,4008.4438575903014,-127.15904168838581
80.4,3855.221998900629,-123.85064925632025
80.5,3796.442642204503,-122.58244479638137
80.60000000000001,3772.6046308014834,-122.2275534784933
80.7,3863.8017657050177,-124.33882921296303
80.80000000000001,3826.8647732541685,-123.60070866846121
80.9,3940.3188270407372,-126.21553558939671
81.0,4076.2160055190025,-129.27504151992412
81.10000000000001,4269.586971545557,-133.51649520811984
81.2,4152.271848253432,-131.06790240101986
81.30000000000001,4079.247227255983,-129.62363499467244
81.4,4232.762405798089,-132.7443726875122
81.5,4264.577524803252,-133.56675746487346
81.60000000000001,4323.3891701519615,-134.92407570027433
81.7,3620.163360857734,-120.23727017508165
81.80000000000001,3727.140838650387,-122.76602310621061
81.9,3700.5086188724376,-122.284843772179
82.0,3495.158728307633,-117.57819545689406
82.10000000000001,3697.746318288486,-122.28422386478042
82.2,3766.8635876350354,-123.96693584204941
82.30000000000001,4051.530985121172,-130.41462853345936
82.4,3946.5291145579095,-128.14049236715738
82.5,4070.4596507695405,-130.99661399090184
82.60000000000001,4209.356564043755,-134.11501398223743
82.7,4256.658606811521,-135.22515214523864
82.80000000000001,4441.313339444466,-139.2925565657182
82.9,4506.055116865641,-140.82597489776424
83.0,4280.942152945542,-136.06471133785143
83.10000000000001,4298.371053849701,-136.66536099072275
83.2,4084.4332160172366,-131.77687423740556
83.30000000000001,4122.853367118051,-132.7073701125741
83.4,4194.0191581347135,-134.34040424703898
83.5,4428.691120367879,-139.54920655870754
83.60000000000001,4498.276127568688,-141.18076047313008
83.7,3979.808824344856,-129.90867342035756
83.80000000000001,3990.3057158538845,-129.9576111503444
83.9,4110.191540576707,-132.72466374434583
84.0,4007.184567187905,-130.52753021764775
84.10000000000001,4048.9058802931663,-131.52629598237345
84.2,4076.04379607078,-132.22804878464913
84.30000000000001,4056.8490148392384,-131.90166567468364
84.4,4087.5818289227254,-132.73118255987254
84.5,4124.710399335197,-133.67795526606398
84.60000000000001,4107.206255559945,-133.35087911002594
84.7,3972.250476399276,-130.28730866388236
84.80000000000001,3937.1262731298575,-129.6063048847175
84.9,4011.130482835944,-131.32371134318194
85.0,4193.147488861788,-135.49159567937033
85.10000000000001,4360.2935030879435,-139.26317606738627
85.2,4327.734079656475,-138.61212444217713
85.30000000000001,4252.431331920703,-137.07448923535586
85.4,4365.482444688139,-139.53185132447874
85.5,4140.861540672822,-134.57065831793997
85.60000000000001,4246.485018453142,-137.0559846498438
85.7,4310.393622871261,-138.5461607256176
85.80000000000001,4233.200788174198,-136.9878421862066
85.9,4354.142387193934,-139.73002304588587
86.0,4266.766378556457,-137.8501554465042
86.10000000000001,4005.6488753836593,-132.07280552245663
86.2,4082.621659914477,-133.898867843411
86.30000000000001,4050.7368451856228,-133.24067098378387
86.4,4048.122977292229,-133.27542223623686
86.5,4077.244576078237,-134.04892670059843
86.60000000000001,4089.978905119339,-134.46056260041001
86.7,4022.7640979083576,-133.00586459298538
86.80000000000001,3689.6360436469913,-125.23118185962802
86.9,3794.1636468843117,-127.66142123421014
87.0,3634.601152299302,-123.99693326323656
87.10000000000001,3588.243640169696,-123.01924672485158
87.2,3716.757526858365,-126.08673288246146
87.30000000000001,3668.884614137251,-124.96865225474701
87.4,3656.422289136759,-124.82836704385672
87.5,3719.547797469658,-126.44105423892192
87.60000000000001,3818.4997836875104,-128.8664576730895
87.7,3940.7892317907335,-131.80752716165782
87.80000000000001,4052.5346780971254,-134.47778466555783
87.9,4030.0637818052323,-134.02985051785384
88.0,4109.787135587885,-135.9782947385085
88.10000000000001,3999.2714045256153,-133.60185828499752
88.2,3907.007673262777,-131.56176546995573
88.30000000000001,3969.8176989486947,-133.1095568640931
88.4,3770.3676451884276,-128.4835848759757
88.5,3422.1330347116973,-120.19421721665576
88.60000000000001,3478.6764308085058,-121.6617838868075
88.7,3554.402524112182,-123.61163189013071
88.80000000000001,3669.5772917710055,-126.25379702699452
88.9,3689.0692789626087,-126.83661075537526
89.0,3766.9781939699806,-128.74687577779872
89.10000000000001,3912.460036010509,-132.24180451048827
89.2,3962.718261226256,-133.49897920207462
89.30000000000001,3918.2140394553016,-132.53225991861805
89.4,3844.0686676671066,-130.86606479385014
89.5,3837.404555557336,-130.85424922684783
89.60000000000001,3861.8441925023685,-131.57062208957768
89.7,3987.4999098918065,-134.46617205702972
89.80000000000001,3950.6311870491822,-133.72189726198175
89.9,3865.956358926629,-131.86129163822233
90.0,3851.6539295749776,-131.57068329771636
90.10000000000001,3922.689653533271,-133.20848318985136
90.2,4026.015308214909,-135.6965566261041
90.30000000000001,4052.9934823030567,-136.4255136894449
90.4,4114.601314123004,-137.94218627105596
90.5,4095.1496135876187,-137.5833050519382
90.60000000000001,3967.0377096867724,-134.647317981747
90.7,3910.7699532559463,-133.44290376700243
90.80000000000001,4024.5822674885917,-136.19393155276424
90.9,4029.521463486724,-136.4077485432567
91.0,3939.860761537867,-134.43248228280348
91.10000000000001,4038.7980861863953,-136.85021539744156
91.2,4029.6296969134996,-136.7948564024786
91.30000000000001,4000.769872408736,-136.26064254424927
91.4,4128.0597709844515,-139.30783978958155
91.5,4078.396923000628,-138.25649767588715
91.60000000000001,4068.197727597092,-138.1856900355494
91.7,4260.723754587998,-142.72904192370652
91.80000000000001,4231.693526166822,-142.15258258371395
91.9,4186.345762454657,-141.21336122349072
92.0,3558.144758604328,-126.50711644076446
92.10000000000001,3531.75758737086,-125.96206691025631
92.2,3700.6422193984295,-130.15441907173283
92.30000000000001,3711.560341685298,-130.5581385933976
92.4,3883.810479969521,-134.7628284631214
92.5,3874.9760801758202,-134.64500226073224
92.60000000000001,3876.9216162165985,-134.785397999265
92.7,3915.3271325365217,-135.82984902429723
92.80000000000001,4067.7995287638755,-139.55125506010708
92.9,4104.333909122857,-140.3802573697147
93.0,4194.841139986886,-142.5991262403884
93.10000000000001,4173.869363606896,-142.38771320622908
93.2,3939.965655581674,-136.8119330326113
93.30000000000001,4049.213129132507,-139.48823161412943
93.4,4125.505120458213,-141.436935536503
93.5,4179.941098585989,-142.81562456711683
93.60000000000001,4153.126255020838,-142.23977645033472
93.7,4040.412982065783,-139.63823708385755
93.80000000000001,4127.202699502822,-141.79848249723017
93.9,4048.6272522306604,-140.07279121458646
94.0,4206.76184680378,-143.82185216865736
94.10000000000001,4206.950107612038,-143.99411267082525
94.2,4214.373537386528,-144.24921689481246
94.30000000000001,4114.747532493844,-142.00011988285436
94.4,4110.881524227379,-142.00792115276604
94.5,3981.855147130811,-139.05390093273115
94.60000000000001,3888.6164381046156,-136.92271503195875
94.7,4019.1292581240564,-140.0842836340728
94.80000000000001,4011.2795255219303,-139.9938639700994
94.9,3972.363782885034,-139.06266789693439
95.0,3955.3900501170765,-138.7986561402555
95.10000000000001,3958.323607718626,-138.96432648443232
95.2,3941.7917429437834,-138.64563930798116
95.30000000000001,3909.421672585403,-138.0337832560412
95.4,4018.84750414283,-140.78094944152647
95.5,4045.55068325537,-141.50642057756966
95.60000000000001,4215.028886632638,-145.65173316323467
95.7,4273.86389921793,-147.12584315512478
95.80000000000001,4431.639585264357,-151.00663656170215
95.9,4320.105422816073,-148.4692131940537
96.0,4194.9930018041405,-145.60449529686144
96.10000000000001,4357.1644553459755,-149.5418158101302
96.2,4410.346658588079,-150.86479397538093
96.30000000000001,4519.426890509249,-153.52902529311714
96.4,4319.046753817498,-148.95053791381622
96.5,4308.637127200783,-148.74805855112925
96.60000000000001,4206.956048606834,-146.1694880903323
96.7,4139.021117191393,-144.62384835231921
96.80000000000001,4207.526233404721,-146.35158005064045
96.9,4099.267995105413,-143.87525063892733
97.0,3729.055138449201,-134.95848066987006
97.10000000000001,3525.4893010166156,-129.66716024178243
97.2,3620.754947285064,-132.15419107084952
97.30000000000001,3577.5051407149745,-131.14726003506507
97.4,3750.702685605285,-135.57779527382544
97.5,3861.7869954640205,-138.42656059158855
97.60000000000001,3975.6744051332034,-141.33343084057998
97.7,4045.12030208342,-143.1735341112284
97.80000000000001,4142.453425989987,-145.62647372360075
97.9,4225.731115629366,-147.7939596581302
98.0,4471.656193953211,-153.72301451904238
98.10000000000001,4253.248821751389,-148.58366324980864
98.2,4185.93354838229,-147.18075840233493
98.30000000000001,4168.557475835019,-146.87361937556162
98.4,4225.891597047576,-148.29015623529293
98.5,4396.579952022239,-152.3752797876101
98.60000000000001,4246.767067809115,-148.75785889922656
98.7,4121.67517816633,-145.90603581241263
98.80000000000001,4293.753421102621,-150.15152522847802
98.9,4041.9247447578223,-144.13314618229333
99.0,4100.6039539520625,-145.67195467089147
99.10000000000001,4175.107328916722,-147.44890054848992
99.2,4364.568601800524,-152.09975286441625
99.30000000000001,4499.10604600925,-155.40856990340603
99.4,4334.599250552427,-151.63074067674222
99.5,4153.51734818731,-147.25000313946552
99.60000000000001,4179.858939065757,-147.92660036926296
99.7,4367.47362685962,-152.5433605825877
99.80000000000001,4509.699669560116,-156.02474375969834
99.9,4478.690054434787,-155.37930725409507
